country,University
USA,Harvard University
USA,Stanford University
USA,Massachusetts Institute of Technology
United Kingdom,University of Cambridge
United Kingdom,University of Oxford
USA,Columbia University
USA,"University of California, Berkeley"
USA,University of Chicago
USA,Princeton University
USA,Cornell University
USA,Yale University
USA,California Institute of Technology
Japan,University of Tokyo
USA,University of Pennsylvania
USA,"University of California, Los Angeles"
USA,Johns Hopkins University
Japan,Kyoto University
USA,New York University
USA,"University of Michigan, Ann Arbor"
USA,"University of California, San Diego"
USA,Northwestern University
Israel,Hebrew University of Jerusalem
South Korea,Seoul National University
USA,University of Wisconsin–Madison
USA,Duke University
USA,University of Texas at Austin
USA,University of Washington - Seattle
Canada,University of Toronto
USA,University of Illinois at Urbana–Champaign
USA,University of North Carolina at Chapel Hill
USA,University of Virginia
Canada,McGill University
USA,"Purdue University, West Lafayette"
USA,Dartmouth College
Japan,Osaka University
USA,University of Pittsburgh - Pittsburgh Campus
USA,"Pennsylvania State University, University Park"
USA,"University of Minnesota, Twin Cities"
USA,"Ohio State University, Columbus"
USA,University of Southern California
USA,Washington University in St. Louis
USA,"University of California, Davis"
USA,University of Colorado Boulder
United Kingdom,University of Edinburgh
China,Peking University
Taiwan,National Taiwan University
USA,University of Florida
USA,Carnegie Mellon University
Canada,University of British Columbia
France,Pierre-and-Marie-Curie University
USA,"University of California, Santa Barbara"
Singapore,National University of Singapore
USA,Boston University
United Kingdom,University of Manchester
USA,University of Arizona
USA,Vanderbilt University
USA,University of Utah
Sweden,Karolinska Institute
USA,"University of Maryland, College Park"
Japan,Tohoku University
Denmark,University of Copenhagen
USA,University of Notre Dame
China,Tsinghua University
USA,Georgia Institute of Technology
USA,University of Rochester
Belgium,Katholieke Universiteit Leuven
USA,Brown University
USA,Emory University
Netherlands,Erasmus University Rotterdam
Israel,Tel Aviv University
Netherlands,Utrecht University
Australia,University of Sydney
USA,"University of California, Irvine"
Switzerland,University of Geneva
Australia,University of Melbourne
United Kingdom,King's College London
USA,Tufts University
Switzerland,University of Zurich
USA,Arizona State University
South Korea,Yonsei University
Norway,University of Oslo
Japan,Kyushu University
Germany,Technical University of Munich
Australia,University of Queensland
USA,Case Western Reserve University
USA,Indiana University - Bloomington
Canada,University of Alberta
Netherlands,Leiden University
Japan,Tokyo Institute of Technology
Netherlands,University of Groningen
Finland,University of Helsinki
Italy,Sapienza University of Rome
USA,Georgetown University
Netherlands,University of Amsterdam
Spain,University of Barcelona
Sweden,Lund University
USA,Michigan State University
Belgium,Ghent University
USA,Rice University
Denmark,Aarhus University
United Kingdom,University of Bristol
Sweden,Uppsala University
Japan,Nagoya University
United Kingdom,University of Glasgow
Netherlands,VU University Amsterdam
Australia,University of New South Wales
Brazil,University of São Paulo
Netherlands,Radboud University Nijmegen
Singapore,Nanyang Technological University
Israel,Technion – Israel Institute of Technology
USA,University of Miami
USA,Stony Brook University
USA,University of Texas at Dallas
United Kingdom,University of Nottingham
USA,University of Iowa
South Korea,Korea Advanced Institute of Science and Technology (KAIST)
Australia,Monash University
United Kingdom,University of Southampton
South Africa,University of the Witwatersrand
Canada,McMaster University
Canada,University of Montreal
United Kingdom,University of Birmingham
USA,"University of California, Santa Cruz"
USA,University of Cincinnati
Germany,University of Bonn
USA,Wake Forest University
Switzerland,University of Basel
United Kingdom,University of Leeds
Belgium,Université libre de Bruxelles
South Korea,Pohang University of Science and Technology
Canada,University of Calgary
Sweden,Stockholm University
Italy,University of Padua
Hong Kong,University of Hong Kong
USA,Yeshiva University
Italy,University of Milan
United Kingdom,University of Sheffield
Denmark,Technical University of Denmark
Japan,Hokkaido University
Australia,Australian National University
China,Shanghai Jiao Tong University
USA,University of New Mexico
France,University of Strasbourg
USA,University of Houston
Ireland,"Trinity College, Dublin"
Switzerland,University of Lausanne
USA,Iowa State University
France,Joseph Fourier University
USA,Wayne State University
USA,University of South Florida - Tampa
China,Zhejiang University
South Korea,Hanyang University
Canada,University of Ottawa
USA,University of Missouri–Columbia
China,Fudan University
USA,University of Kansas
USA,University of Georgia
United Kingdom,University of Liverpool
Switzerland,University of Bern
United Kingdom,Cardiff University
USA,George Washington University
USA,University of Illinois at Chicago
France,Claude Bernard University Lyon 1
Italy,University of Bologna
United Kingdom,Queen Mary University of London
South Korea,Sungkyunkwan University
United Kingdom,Newcastle University
Germany,Karlsruhe Institute of Technology
USA,"University of California, Riverside"
Germany,University of Kiel
Australia,University of Western Australia
USA,University of Connecticut
USA,University of Massachusetts Amherst
Hong Kong,Chinese University of Hong Kong
Italy,University of Turin
Canada,University of Manitoba
Austria,University of Vienna
Netherlands,Maastricht University
Taiwan,National Cheng Kung University
Canada,Laval University
Germany,RWTH Aachen University
Ireland,University College Dublin
United Kingdom,University of Leicester
Spain,Autonomous University of Barcelona
United Kingdom,University of Dundee
Norway,Norwegian University of Science and Technology
China,Nanjing University
Italy,University of Florence
South Africa,University of Cape Town
United Kingdom,University of Sussex
Netherlands,Delft University of Technology
USA,Virginia Polytechnic Institute and State University
Portugal,University of Lisbon
USA,Drexel University
USA,Oregon State University
United Kingdom,Durham University
Japan,University of Tsukuba
United Kingdom,University of Reading
Austria,Medical University of Vienna
Canada,University of Waterloo
USA,Colorado State University - Fort Collins
USA,Tulane University
USA,"University at Buffalo, The State University of New York"
USA,Brandeis University
USA,Northeastern University
China,Sun Yat-sen University
United Kingdom,London School of Economics
Belgium,Vrije Universiteit Brussel
USA,University of Delaware
USA,Rensselaer Polytechnic Institute
Norway,University of Bergen
Canada,Queen's University
Sweden,Umeå University
Germany,University of Duisburg-Essen
United Kingdom,University of Warwick
Spain,University of Valencia
Italy,University of Pisa
USA,University of South Carolina - Columbia
Spain,Autonomous University of Madrid
China,Dalian University of Technology
South Africa,Stellenbosch University
United Kingdom,University of St Andrews
Belgium,University of Antwerp
USA,University of Nebraska–Lincoln
Germany,University of Stuttgart
Hong Kong,Hong Kong University of Science and Technology
Japan,Kobe University
Belgium,University of Liège
USA,University of Vermont
United Kingdom,University of York
USA,Boston College
Italy,University of Pavia
United Kingdom,University of Exeter
Australia,University of Adelaide
United Kingdom,University of East Anglia
Italy,University of Trieste
United Kingdom,Queen's University Belfast
Germany,Technical University of Berlin
Austria,University of Innsbruck
Netherlands,Eindhoven University of Technology
USA,University of Oklahoma - Norman Campus
Canada,University of Victoria
USA,Kansas State University
Hong Kong,Hong Kong Polytechnic University
Sweden,Linköping University
Denmark,University of Southern Denmark
New Zealand,University of Otago
USA,San Diego State University
Canada,Simon Fraser University
Finland,University of Eastern Finland
Italy,University of Ferrara
Spain,Pompeu Fabra University
USA,"Washington State University, Pullman"
Italy,University of Milan - Bicocca
Finland,University of Turku
Taiwan,National Chiao Tung University
South Korea,Ewha Womans University
Japan,Tokyo Medical and Dental University
Italy,Scuola Normale Superiore di Pisa
Italy,Polytechnic University of Milan
Sweden,Chalmers University of Technology
United Kingdom,University of Bath
Taiwan,National Tsing Hua University
Netherlands,University of Twente
USA,George Mason University
China,Wuhan University
Sweden,Swedish University of Agricultural Sciences
Finland,Aalto University
South Korea,Chonbuk National University
United Kingdom,Lancaster University
Austria,Vienna University of Technology
Spain,University of Granada
Ireland,University College Cork
India,Indian Institute of Science
Australia,Macquarie University
Poland,University of Warsaw
Germany,Bielefeld University
Australia,University of Wollongong
United Kingdom,Brunel University
USA,University of Hawaii at Manoa
Germany,University of Konstanz
Australia,University of Newcastle
Germany,University of Bremen
Denmark,Aalborg University
Switzerland,University of Fribourg
Australia,Deakin University
Austria,University of Graz
USA,University of Montana - Missoula
Canada,Carleton University
Australia,Curtin University
South Korea,Konkuk University
USA,Texas A&M Health Science Center
Australia,Queensland University of Technology
United Kingdom,University of Essex
USA,State University of New York Upstate Medical University
Finland,University of Jyväskylä
Australia,Swinburne University of Technology
Iran,Sharif University of Technology
USA,"Rutgers, The State University of New Jersey - Newark"
Germany,University of Augsburg
USA,Michigan Technological University
Taiwan,National Sun Yat-sen University
Taiwan,Taipei Medical University
Australia,"University of Technology, Sydney"
Japan,University of Electro-Communications
China,Hefei University of Technology
